{"base_lr": 0.0003987975951903808, "lr": 0.0003987975951903808, "data_time": 0.027293143272399904, "grad_norm": 55.04413627624512, "loss": 4.935118141174317, "loss_cls": 0.2137856613099575, "loss_offset": 0.527400975227356, "loss_depth": 2.41333339124918, "loss_size": 0.44431243687868116, "loss_rotsin": 0.16096204467117786, "loss_centerness": 0.5710088980197906, "loss_velo": 0.07763735226355493, "loss_dir": 0.2580941880121827, "loss_attr": 0.26858315913472325, "time": 0.9328741645812988, "epoch": 1, "iter": 50, "memory": 14688, "step": 50}
{"base_lr": 0.00046559786239144975, "lr": 0.00046559786239144975, "data_time": 0.01624840259552002, "grad_norm": 48.35818675994873, "loss": 4.990652732849121, "loss_cls": 0.20610056281089784, "loss_offset": 0.5290451431274414, "loss_depth": 2.5090426194667814, "loss_size": 0.4166645148396492, "loss_rotsin": 0.16604156609624623, "loss_centerness": 0.5705131697654724, "loss_velo": 0.08565466683357954, "loss_dir": 0.2836075378768146, "loss_attr": 0.22398296354338526, "time": 0.9203010034561158, "epoch": 1, "iter": 100, "memory": 14673, "step": 100}
{"base_lr": 0.0005323981295925189, "lr": 0.0005323981295925189, "data_time": 0.015972089767456055, "grad_norm": 61.66009998321533, "loss": 5.62438817024231, "loss_cls": 0.19463582545518876, "loss_offset": 0.48567710280418397, "loss_depth": 3.3148442125320434, "loss_size": 0.37254610359668733, "loss_rotsin": 0.1589957947283983, "loss_centerness": 0.5695959973335266, "loss_velo": 0.09635704757645726, "loss_dir": 0.2401549090631306, "loss_attr": 0.19158114123158157, "time": 0.9209688472747802, "epoch": 1, "iter": 150, "memory": 14594, "step": 150}
