{
	"class_name" : "PinholeCameraParameters",
	"extrinsic" : 
	[
		0.94265898097487921,
		-0.12267050228226371,
		0.31039651005966495,
		0.0,
		-0.30608009323209417,
		0.053073550599099899,
		0.95052520995176004,
		0.0,
		-0.13307524981917221,
		-0.99102731854203796,
		0.012483260349083102,
		0.0,
		2.6404996692145839,
		-1.194695429576391,
		-1.7882378957166016,
		1.0
	],
	"intrinsic" : 
	{
		"height" : 1061,
		"intrinsic_matrix" : 
		[
			918.85295341528945,
			0.0,
			0.0,
			0.0,
			918.85295341528945,
			0.0,
			959.5,
			530.0,
			1.0
		],
		"width" : 1920
	},
	"version_major" : 1,
	"version_minor" : 0
}